calc_key,discipline,group,title_en,title_zh,stage_due,inputs,method_standard,outputs,acceptance,na_condition,deliverable_ref
MECH-LOAD-01,MECH,Loads,Zone peak cooling and heating loads on design days (sensible / latent split),分区设计日峰值冷热负荷（显热/潜热分开）,S3,zone geometry; floor heights; envelope U / SHGC; orientation; internal gains; schedules; design-day conditions; OA rates; infiltration,"EnergyPlus loads model (design days, not EPW maxima); results.json v2 design_cooling_kW / design_heating_kW per zone",zone load table kW with time of peak; sensible / latent; design_day_basis record,every zone has a value; design-day basis recorded; results.json run_status completed,never N/A for conditioned buildings,THM-LOAD-01; X-000 Load & Energy Report
MECH-LOAD-02,MECH,Loads,"Block load, diversity and central plant capacity",全楼 block load、同时性与中央设备容量,S3,zone loads; orientation diversity; OA treatment load; distribution losses; sizing factor,sum of non-coincident zone peaks vs coincident block; sizing factor stated; DA09 or EnergyPlus,block cooling / heating kW; sizing factor; plant capacity brief,block ≤ sum of zone peaks; sizing factor ≤ 1.15 unless justified,—,Equipment Schedule (S5) input
MECH-LOAD-03,MECH,Loads,Outdoor-air treatment load (DOAS / OA units),集中新风处理负荷,S3,OA rates per space; design outdoor state; supply state; heat recovery effectiveness,psychrometric calc at design day; heat recovery credited only with vendor data,OA unit coil duties kW; heat recovery kW,coil duties on equipment schedule; energy recovery assumption tagged ASSUMED until vendor data,no central OA treatment (all-natural ventilation),M-600 SA/OA schematic
MECH-LOAD-04,MECH,Loads,Room-by-room loads for terminal unit selection,逐房间负荷用于末端选型,S6,zone loads split by room; internal gains per room; glazing per room,per-room sensible / latent from the loads model or DA09 room method,room load schedule; terminal duty per room,every conditioned room has a duty and a terminal tag,—,M-500 equipment schedule
MECH-OA-01,MECH,Ventilation,Outdoor air rates per space,各空间新风量,S3,occupancy per space; floor areas; space type,AS 1668.2 minimum OA per person / per m² (digest record ids),OA schedule per space and per AHU / OA unit,every occupied space has an OA rate and a clause reference,—,M-500 ventilation schedule
MECH-OA-02,MECH,Ventilation,"Exhaust rates: toilets, laundry, plant, bin rooms, back-of-house",排风量：卫生间、洗衣、机房、垃圾房、后勤,S6,room list; fixtures; heat loads; odour sources,AS 1668.2 exhaust rates; AS 1668.2 discharge / separation rules,exhaust schedule; fan duties; discharge points,every room needing exhaust listed; discharge separations checked (MECH-SPC-03),—,M-100 layouts; M-500
MECH-OA-03,MECH,Ventilation,"Kitchen exhaust hood airflow, make-up air, duct velocity, grease treatment",厨房排风罩风量、补风、风管风速、油烟处理,S6,hood dimensions; appliance duty; hood type; kitchen layout,AS 1668.2 Section 3 (hood formulae); duct velocity ≥ 7.5 m/s; access panels; fire rating of duct,hood schedule; KEF duty; make-up air; duct sizes; grease filtration / ESP selection,hood flow per AS 1668.2; velocity within limits; make-up ≥ 80 % of exhaust or justified,no commercial kitchen,M-100 kitchen sheet; M-500
MECH-OA-04,MECH,Ventilation,Car park ventilation (CO-controlled) and jet fan / duct system,停车场通风（CO 控制）,S6,car park area; vehicle movements; usage class; geometry,AS 1668.2 Section 4 method; CO sensor control; smoke exhaust interface,supply / exhaust flow; fan duties; sensor zoning,flows per AS 1668.2; fire-mode operation defined in MECH-CTL-02,no enclosed car park,M-100 basement sheets
MECH-SMK-01,MECH,Smoke control,"Stair and lift-lobby pressurisation: flows, door forces, relief",楼梯与电梯前室加压送风：风量、门力、泄压,S3,stair geometry; door count and leakage; open-door criteria; shaft leakage,AS/NZS 1668.1 pressurisation method; door opening force ≤ 110 N; velocity through open door,fan duty; relief path; pressure differential; door force check,door force ≤ 110 N; velocity criterion met; fan on essential supply (ELEC-SUP-02),building not required to be pressurised (rise in storeys / effective height below trigger) — state clause,M-600 pressurisation schematic; M-100
MECH-SMK-02,MECH,Smoke control,Smoke exhaust / zone smoke control / smoke reservoirs,排烟与分区烟控,S6,fire compartments; smoke zones; fire size; ceiling height; reservoir geometry,AS/NZS 1668.1 zone smoke control; fire engineering inputs where PS,exhaust flows; make-up; fan duties; reservoir sizing; damper schedule,flows and reservoirs sized; fire-mode matrix complete,no smoke exhaust required by DtS or PS,M-600; FIRE-CE-01
MECH-DUCT-01,MECH,Air distribution,Duct sizing and velocities (equal friction / static regain),风管尺寸与风速,S6,airflows per run; route lengths; fittings; ceiling zone depth from ARC-CEIL-01,equal friction (1 Pa/m typical) or static regain for high-velocity; velocity limits by space NR,"duct schedule per run: size, velocity, friction; bottom-of-duct RL",every run sized; velocities within NR limits; sizes fit the ceiling zone (services-coordination-2d),—,M-100 air layouts
MECH-DUCT-02,MECH,Air distribution,System static pressure and fan total pressure per air system,系统静压与风机全压,S6,index run; fittings loss coefficients; coil / filter / attenuator drops; terminal pressures,sum of index-run losses (SMACNA / ASHRAE coefficients); safety margin stated,fan total pressure Pa per system; index run identified,index run pressure documented; margin ≤ 15 % unless justified,—,M-500 fan schedule
MECH-DUCT-03,MECH,Air distribution,"Fan selection, motor kW, VSD and fan power limit",风机选型、电机功率、变频与风机功率限值,S6,flow; total pressure; efficiency curves; motor class,product-library curves; NCC J6 fan motor power limits; VSD control,"fan schedule with duty point, efficiency, motor kW, SFP",duty within curve; fan power ≤ NCC J6 limit or JV3 route stated,—,M-500; ELEC-CAB-01 input
MECH-DUCT-04,MECH,Air distribution,"Diffuser / grille selection: throw, NC, pressure drop",风口选型：射程、噪声、压降,S6,room airflow; ceiling height; NR target; diffuser library,manufacturer throw / NC data; ADPI check for critical rooms,diffuser schedule per room,NC ≤ target; throw suits room; drop ≤ 30 Pa,—,M-100; M-500
MECH-DUCT-05,MECH,Air distribution,"Duct pressure class, leakage class and construction",风管压力等级、漏风等级与构造,S6,system pressures; fire rating needs; kitchen / smoke ducts,AS 4254 classes; AS 1530.4 for fire-rated ducts,duct construction schedule; leakage test requirement,every system classed; test plan in commissioning-tests.csv,—,spec; P-MAT
MECH-HYD-01,MECH,Hydronics,Hydronic flow rates and design ΔT (CHW / HHW / CDW),水系统流量与设计温差,S3,coil duties; ΔT design values; glycol %,Q = ṁ cp ΔT per coil; diversity per riser,"flow schedule per coil, riser and plant",every coil has a flow; riser sums checked against plant flow,no hydronic system (VRF only),M-600 CHW/HHW schematic (pressure and flow per level)
MECH-HYD-02,MECH,Hydronics,"Pipe sizing, velocity and pressure drop per circuit",管径、流速与沿程压降,S6,flows; pipe material; lengths; fittings,Darcy–Weisbach / Hazen-Williams; velocity 1.0–2.5 m/s limits; ≤ 300 Pa/m typical,pipe schedule per run; index circuit pressure drop,every run sized; velocities within limits; noise check with ACU-PIP-01,no hydronic system,H/M-600; M-100 water layouts
MECH-HYD-03,MECH,Hydronics,"Pump head, duty point and NPSHa per pumped circuit",泵扬程、工作点与 NPSHa,S6,index circuit drop; static head; equipment drops; control valve authority,system curve vs library pump curve; NPSHa vs NPSHr,"pump schedule: flow, head, efficiency, motor kW, VSD minimum speed",duty within efficiency island; NPSHa ≥ NPSHr + 0.5 m,no pumps,P-PUMPS; M-605
MECH-HYD-04,MECH,Hydronics,"System volume, expansion, pressurisation vessel, make-up and water treatment",系统容积、膨胀、定压罐、补水与水处理,S6,pipe volumes; equipment volumes; temperature range; static height; relief settings,expansion volume from temperature range; vessel acceptance factor; fill / relief pressures,vessel size; fill pressure; relief valve; make-up rate; treatment spec,vessel acceptance ≥ expansion volume; relief below component rating,no closed hydronic system,M-602/603 plant schematics
MECH-HYD-05,MECH,Hydronics,"Thermal expansion of risers, compensation and anchor / guide loads",立管热膨胀、补偿与固定支架荷载,S6,riser lengths; material; temperature range; anchor positions,ΔL = α L ΔT; loops / bellows; anchor force from stiffness or bellows thrust,expansion schedule; anchor loads to STR-LOAD-06,every riser > 30 m has compensation and anchor loads issued to structure,short low-rise runs only (state length),H-100 riser details; STR interface
MECH-HYD-06,MECH,Hydronics,"Balancing valves / PICVs, differential-pressure bypass, control valve authority",平衡阀 / PICV、压差旁通与调节阀权度,S6,flows; branch pressures; valve library,valve authority ≥ 0.5; PICV ranges; bypass sizing for minimum flow,valve schedule per branch,every branch has balancing means; minimum chiller flow protected,no hydronic system,M-600; M-500
MECH-PLT-01,MECH,Plant,Chiller / heat-pump selection at project conditions and part load,冷水机 / 热泵在项目工况下的选型与部分负荷,S5,block loads; entering conditions; ambient design; refrigerant; efficiency targets,vendor selection at project conditions (not nominal); part-load profile; results.json vendor_duty_check,equipment schedule rows; comparison ΔCAPEX / ΔOPEX / simple annual return,capacity at project conditions ≥ block load × sizing factor; vendor_duty_check status complete,no central plant,Equipment Schedule; decision record
MECH-PLT-02,MECH,Plant,"Heat rejection: cooling tower / dry cooler selection, water balance, Legionella control",散热设备选型、水量平衡与军团菌控制,S5,heat rejection kW; wet-bulb design; cycles of concentration; drift; plume,"vendor selection at design wet-bulb; water balance (evaporation, drift, blowdown); AS/NZS 3666 regime",tower schedule; make-up water L/day to HYD-CW-01; treatment and RMP,tower capacity at design wet-bulb; water balance in HYD-CW-01; AS/NZS 3666 regime documented,air-cooled plant only,M-602; P-COMPLY water
MECH-PLT-03,MECH,Plant,"Heat recovery availability (chiller heat recovery, ASHP allocation, single energy ledger)",可回收热量与热源分配（单一能量账）,S5,simultaneous cooling / heating / DHW profiles; recovery capacity; priorities,hourly ledger of heat sources and sinks; no double counting,heat-recovery kW available per hour; DHW source allocation (HYD-HW-03),one ledger; no heat counted twice; peak-hour verification condition stated,no heat recovery,M-602; C-05/C-07 style write-up
MECH-PLT-04,MECH,Plant,Heating plant capacity and backup (boilers / heat pumps / electric),采暖热源容量与备用,S5,heating block load; DHW share; recovery share; ambient derate,vendor capacity at design ambient (defrost derate); N+1 policy,heating plant schedule; backup scenario table,capacity at design ambient ≥ block heating; backup scenario closed,no heating plant (climate justification),Equipment Schedule
MECH-PLT-05,MECH,Plant,Plant-room heat rejection and ventilation,机房散热与通风,S6,equipment heat losses; room volume; ambient; allowable room temperature,heat balance; ventilation flow = Q / (ρ cp ΔT); mechanical cooling if needed,plant-room ventilation schedule,room temperature within equipment limits at design ambient,—,M-100 plant sheets; M-500
MECH-PLT-06,MECH,Plant,"Refrigerant safety: charge limits, occupied-space concentration, machinery-room detection and ventilation",制冷剂安全：充注量限值、房间浓度、机房探测与通风,S5,refrigerant type and class; charge per circuit; smallest room volume served; machinery room volume,AS/NZS 5149 series: practical limit per m³; access category; machinery room requirements,concentration check per room class; detection / ventilation / alarm requirements,every circuit below limit or mitigation designed; machinery room compliant,no refrigerant systems,M-100; C-54 style write-up
MECH-PLT-07,MECH,Plant,"Redundancy and failure scenarios (N+1, chiller failure backup, power failure)",冗余与故障工况（N+1、主机故障备用、断电）,S5,plant list; essential loads; brief resilience targets,scenario table: capacity available vs required under each failure,failure scenario table; backup capacity kW,every scenario in the brief has a stated outcome,—,decision record; Equipment Schedule
MECH-INS-01,MECH,Insulation,"Duct and pipe insulation thickness (NCC J6 R-values → thickness), vapour barrier and cladding",风管与管道保温厚度（J6 R 值换算）、隔汽层与外护,S6,fluid temperatures; ambient; R required per NCC J6 tables; material k; pipe OD,R = r2 ln(r2/r1)/k inverted to thickness on the cylindrical basis; standard thickness rounding up,"P-PIPES schedule: material, thickness, VB, cladding per system and size",every insulated run has a thickness ≥ NCC requirement; condensation check MECH-INS-02,—,P-PIPES; P-MAT
MECH-INS-02,MECH,Insulation,Condensation risk on ducts / pipes at actual surface temperature and dew point,风管 / 管道表面结露校核,S6,internal fluid temperature; ambient dry bulb / RH; insulation thickness; velocity,surface temperature calc vs dew point with safety margin,condensation check per system; worst case space,surface temperature > dew point + 1 K in every space,no cold services,P-MAT 1a
MECH-NOISE-01,MECH,Noise,"Duct-borne noise, attenuator selection, regenerated noise to NR target",风管噪声、消声器选型与再生噪声,S6,fan sound power; duct path attenuation; room absorption; NR target,octave-band path calc (ASHRAE / CIBSE B4); attenuator insertion loss from library,attenuator schedule; NR per room,NR ≤ target in every room; coordinate ACU-DUCT-01,—,M-500; ACU calc book
MECH-CTL-01,MECH,Controls,"Control descriptions, sequences of operation, setpoints and BMS points list",控制说明、运行顺序、设定值与 BMS 点表,S6,system list; equipment; setpoints; failure modes; metering,functional description per system; points list per equipment,P-LOGIC; P-POINTS; setpoint schedule (ASSUMED until commissioning),every system has a sequence and points; points list totals per controller,—,M-604; P-LOGIC; P-POINTS; commissioning-tests.csv
MECH-CTL-02,MECH,Controls,"Fire-mode matrix (AHUs, fans, dampers, smoke control, lifts interface)",消防工况矩阵,S6,fire zones; systems; FIP interface; smoke control design,matrix of trigger → action per equipment; aligned with FIRE-CE-01,fire-mode matrix; damper / fan actions,every fan and damper has a fire-mode action; consistent with cause & effect,—,M-604; FIRE-CE-01
MECH-ENE-01,MECH,Energy,"Annual HVAC energy: fans, pumps, plant, by end use",全年暖通能耗（风机、泵、主机、按用途）,S6,loads model; equipment efficiencies; schedules; control strategy,EnergyPlus annual run or hourly ledger; results.json annual_kWh,annual kWh by end use; kWh/m²; input to THM-ENE-01,annual energy reported with method; assumptions tagged,—,X-000; P-COMPLY
MECH-ENE-02,MECH,Energy,"NCC Section J6 DtS checks: fan and pump power, economy cycle, insulation, controls, energy recovery",NCC J6 DtS 逐条核对,S6,fan / pump duties; system sizes; climate zone; control design,NCC 2022 J6 clauses via digest record ids,J6 compliance matrix rows with PASS / FAIL / N/A,every applicable J6 clause has a status; JV3 route stated where DtS fails,JV3 whole-building route chosen (list which clauses still apply),compliance-matrix.csv; P-SECJ
MECH-SPC-01,MECH,Space,"Plant space, maintenance clearances and equipment replacement routes",机房面积、维护净距与设备更换路线,S1,equipment list with dimensions (S1 estimates; S5 vendor); door sizes; lift sizes; corridors,vendor clearance data; replacement path drawn from plant room to street / crane,MEP space table (S1); clearance check (S6); replacement route sheet,every major unit has a replacement route and clearance drawn,—,M-100 plant 1:50; systems space table
MECH-SPC-02,MECH,Space,"Riser and shaft sizing for ducts, pipes and trays with access",竖井尺寸（含检修空间）,S1,duct and pipe sizes per level (S3); tray widths; access side,riser packing with 100 mm between services and access face; fire-rating and damper access,"riser schedule per shaft: contents, sizes, free area",riser free area ≥ contents + access; no riser filled beyond 70 % at S3,—,riser cassette details; M/E/H-100
MECH-SPC-03,MECH,Space,Intake / exhaust louvre separations and discharge locations,进排风口间距与排放位置,S1,"louvre positions; exhaust types (toilet, kitchen, generator, car park, cooling tower); wind",AS 1668.2 separation distances and discharge heights; AS/NZS 3666 cooling tower separations,louvre schedule with separations; elevation markup,every exhaust meets its separation to every intake and opening,—,A-200 elevations; M-100
MECH-VRF-01,MECH,VRF,"VRF piping length / height limits, refrigerant charge and branch selection",VRF 管长 / 高差限值、充注量与分歧管选型,S6,outdoor / indoor unit positions; pipe routes; vendor limits,vendor selection software output retained; charge vs MECH-PLT-06 limits,VRF piping schedule; charge per system,within vendor limits; charge below room limits,no VRF,M-100; M-500
ELEC-MD-01,ELEC,Demand,Maximum demand and diversity per board and for the site,最大需量与同时率（各配电盘与全楼）,S3,connected loads by category; occupancy; equipment schedule; diversity basis,AS/NZS 3000 Appendix C method or calculated load model; both shown where they differ,MD per board kVA / A; site MD; basis table,every board has an MD with method; site MD ≤ supply capacity,—,P-MD; E-601; DB schedules
ELEC-MD-02,ELEC,Demand,Hourly demand envelope and MD limiter / load shedding (where used),逐时需量包络与限负荷策略,S6,hourly profiles per load group; shedding priorities,hourly ledger summer / winter; shedding sequence; BMS interface,envelope table; limiter setpoints; shedding order,envelope peak consistent with ELEC-MD-01; shed loads listed,no MD limit or controlled supply,P-MD; P-LOGIC
ELEC-SUP-01,ELEC,Supply,"Supply authority connection, transformer sizing, loading and transfer arrangement",供电接入、变压器容量、负载率与转供,S3,site MD; authority rules; substation space; N-1 policy,transformer kVA at MD with growth; loading under one-out scenarios,transformer schedule; substation requirements; transfer logic,loading ≤ 100 % normal and stated under N-1; authority requirements listed,LV supply only (state authority),E-601; C-25 style write-up
ELEC-SUP-02,ELEC,Supply,"Generator sizing: essential loads, motor starting, step loads, fire pumps",发电机容量：应急负荷、电机启动、分级加载、消防泵,S5,essential load list; motor starting methods; fire pump duty; fuel autonomy,load step table; vendor sizing tool (transient voltage dip ≤ limit); fuel volume for autonomy,generator schedule; fuel tank; essential load table,voltage dip within limit at largest step; fuel autonomy per brief / fire requirement,no generator required (state basis),E-604; C-29 style write-up
ELEC-SUP-03,ELEC,Supply,UPS requirement and sizing,UPS 需求与容量,S5,critical loads; autonomy; battery type,load list; autonomy minutes; battery sizing at end-of-life,UPS schedule or a documented decision not to provide,"decision recorded; if provided, autonomy and load list closed",no critical loads,C-45 style write-up
ELEC-SUP-04,ELEC,Supply,Power factor at coincident peak and correction,峰值功率因数与补偿,S6,load types; VSDs; lighting; authority PF requirement,weighted PF at peak; capacitor / active filter sizing,PF check; correction equipment if needed,PF ≥ authority requirement at peak,—,E-601
ELEC-SUP-05,ELEC,Supply,Harmonic emission assessment and mitigation,谐波发射评估与治理,S6,non-linear load list; network fault level; authority allocation,AS/NZS 61000.3.6 stage 1 / 2 assessment; active filter sizing if needed,P-HARM report; filter schedule,emission ≤ allocated limit at PCC or mitigation designed,small installation below assessment threshold (state basis),P-HARM
ELEC-SLD-01,ELEC,Distribution,"Single-line diagram, essential / non-essential split, life-safety supply arrangement",单线图、应急 / 非应急划分、生命安全供电,S3,boards; sources; essential loads; fire pump and smoke control rules,AS/NZS 3000 and AS 2941 / AS/NZS 1668.1 supply rules; separation of life-safety boards,SLD; board list; life-safety arrangement note with clause basis,every board on the SLD; life-safety loads on compliant supplies,—,E-601; E-604; C-39 style write-up
ELEC-CAB-01,ELEC,Cables,Equipment full-load currents,设备满载电流,S6,equipment kW / kVA; PF; efficiency; phases,I = P / (√3 V PF η),FLC schedule per equipment,every motor and heater has an FLC on the schedule,—,E-602/603; DB schedules
ELEC-CAB-02,ELEC,Cables,Protective device rating and type selection,保护电器整定与类型选择,S6,FLC; starting characteristics; cable ratings; fault levels,AS/NZS 3000 coordination Ib ≤ In ≤ Iz; curve type for motors,breaker schedule per circuit,every circuit has device rating ≥ FLC and ≤ cable rating,—,DB schedules
ELEC-CAB-03,ELEC,Cables,"Cable current-carrying capacity with derating (grouping, ambient, installation, riser)",电缆载流量与降容（成束、环境、敷设、竖井）,S6,circuit currents; route conditions; grouping; ambient; installation method,AS/NZS 3008.1.1 tables via digest records; derating factors multiplied,"cable schedule: size, type, Iz, derating factors",Iz × factors ≥ In for every circuit,—,cable schedule; C-22 / C-46 style write-up
ELEC-CAB-04,ELEC,Cables,Voltage drop per segment and total to final circuits,分段与总电压降,S6,currents; lengths (ELEC-CAB-06); cable impedance; PF,AS/NZS 3008.1.1 mV/A·m; total ≤ 5 % (or authority limit) from point of supply,VD schedule per path,total VD ≤ limit at furthest final circuit; segment allocation shown,—,cable schedule; C-23
ELEC-CAB-05,ELEC,Cables,"Busway rating, tapering, volt drop and joint / tap-off loading",母线槽选型、递减电流压降与插接负荷,S6,riser loads per level; busway data; lengths,tapered current profile; vendor impedance; VD summed per level,busway schedule; VD profile,rating ≥ current at every section; VD within allocation,no busway,E-601; C-24
ELEC-CAB-06,ELEC,Cables,Cable and busway lengths from architectural levels and routes,按建筑标高与路由计算电缆与母线长度,S6,level RLs; route plans; riser positions; slack allowances,length = vertical + horizontal + terminations + 10 % slack (stated),length schedule; BQ input,every cable in the schedule has a length basis,—,cable schedule; BQ
ELEC-CAB-07,ELEC,Cables,"Earthing conductor sizes, MEN, equipotential bonding schedule",接地线截面、MEN 与等电位连接表,S6,active conductor sizes; fault currents; disconnection times,AS/NZS 3000 earthing tables; adiabatic check where needed,earthing schedule; bonding list,every circuit has a PE size; bonding list complete,—,E-601; C-26 / C-43
ELEC-FLT-01,ELEC,Fault,Prospective short-circuit current at every board,各配电盘预期短路电流,S6,source fault level; transformer impedance; cable impedances; motor contribution,IEC 60909 method; three-phase and single-phase to earth; minimum and maximum,fault level schedule per board,every board has Ik max and min; switchgear rating ≥ Ik max (ELEC-SWB-01),—,E-607; C-30
ELEC-FLT-02,ELEC,Fault,Earth-fault loop impedance and disconnection times,接地故障回路阻抗与断开时间,S6,loop impedances; device curves; touch voltage limits,AS/NZS 3000 disconnection times; Zs ≤ limit per device,EFLI schedule per final circuit group,every final circuit meets disconnection time,—,E-607; C-31
ELEC-FLT-03,ELEC,Fault,Protection settings and discrimination (selectivity study),保护整定与级差（选择性）,S6,device curves; fault levels; cable damage curves,time–current curve overlay; selectivity tables from vendor,settings schedule; discrimination statement per path,full or stated partial selectivity per path; no cable damage curve crossed,—,E-607; C-32
ELEC-FLT-04,ELEC,Fault,Arc-flash incident energy and PPE categories (preliminary; final at S10 with vendor data),弧闪能量与个人防护（初步；S10 按厂家数据定稿）,S6,fault levels; clearing times; working distances; enclosure types,AS/NZS 4836 / IEEE 1584 method,incident energy per board; label basis,every main board has an energy value with basis; labels only from final data,—,C-41
ELEC-SWB-01,ELEC,Switchboards,"Busbar sizing, short-circuit force and support spacing; switchgear rating vs fault level",母排选型、短路电动力与支撑间距；开关柜额定与故障电流,S6,rated currents; Ik peak; bar geometry; support type,AS/NZS 61439 ratings; electrodynamic force per IEC 60865 method; support spacing,busbar schedule; rating checks; GA inputs,bar temperature rise and force within limits; Icw / Ipk ≥ fault level,—,E-612; C-33 / C-34
ELEC-SWB-02,ELEC,Switchboards,"Switchboard losses, temperature rise, ventilation and form of segregation",配电盘损耗、温升、通风与分隔形式,S6,device losses; busbar losses; enclosure; ambient,AS/NZS 61439 temperature-rise method; ventilation flow,losses W; ventilation requirement; form stated,internal temperature within device limits,—,E-612; C-35
ELEC-SWB-03,ELEC,Switchboards,"Switchroom size, clearances, egress and cable entries",开关房尺寸、净距、疏散与进线,S1,board sizes (S1 estimate; S6 GA); door swing; escape routes,AS/NZS 3000 access and clearance rules; AS/NZS 61439 installation,switchroom layout check; clearance dimensions,clearances and egress compliant; doors open outwards where required,—,E-606; C-37
ELEC-DB-01,ELEC,Distribution boards,"Floor DB / branch box demand, phase balance and floors-per-DB comparison",楼层箱 / 分支箱需量、三相平衡与每箱带层数比选,S6,rooms per DB; room loads; diversity,demand per DB; phase balance ≤ 10 % imbalance; option comparison with decision record,DB schedule; phase balance table,imbalance ≤ 10 %; comparison recorded,single small board,E-605; C-28
ELEC-DB-02,ELEC,Distribution boards,Guest room / apartment supply allowance under conservative appliance scenarios,客房 / 公寓供电容量（保守用电情景）,S6,room appliance list; simultaneity; heating / cooling type,scenario table; conservative allowance per room,room load centre schedule,room breaker and cable ≥ scenario load,no guest rooms / apartments,E-605; C-27
ELEC-DB-03,ELEC,Distribution boards,"Lift and fire-pump starting checks (starting current, voltage dip, supply capacity)",电梯与消防泵启动校核,S6,motor data; starting method; supply impedance,voltage dip = Istart × Zsource; limit per authority / equipment,starting check per large motor,dip within limit on normal and generator supply,no large motors,C-29
ELEC-LGT-01,ELEC,Lighting,Illuminance per space and uniformity,各空间照度与均匀度,S6,space list; tasks; reflectances; luminaire library,AS/NZS 1680 series maintained illuminance; Radiance / DIALux calc,lux schedule per space; calc files,every space meets target lux and uniformity,—,P-LIGHT; E-110
ELEC-LGT-02,ELEC,Lighting,Lighting power density and controls (NCC J7),照明功率密度与控制（NCC J7）,S6,luminaire wattages; areas; control types; adjustment factors,NCC J7 illumination power density with control adjustment factors,J7 table per space; PASS / FAIL,every space ≤ allowance after factors,JV3 route (state),compliance-matrix.csv; P-SECJ
ELEC-LGT-03,ELEC,Lighting,"Emergency lighting and exit signs: spacing, lux, classification",应急照明与出口标志：间距、照度、分类,S6,egress paths; mounting heights; luminaire classification,AS/NZS 2293.1 spacing tables / calc; exit sign viewing distances,emergency lighting layout schedule,every path has ≥ minimum lux; signs visible per distance,—,F-210; E-110
ELEC-LPS-01,ELEC,Lightning,"Lightning protection risk assessment, LPS class and SPD scheme",防雷风险评估、防雷等级与 SPD 方案,S6,building dimensions; location; ground flash density; occupancy; services,AS 1768 risk method; LPS class; SPD coordination,risk assessment; LPS / SPD schedule,risk ≤ tolerable or LPS designed,—,C-42
ELEC-EV-01,ELEC,EV,"EV charging provision, load management and NCC J9 requirements",电动车充电预留、负荷管理与 J9 要求,S6,car park bays; jurisdiction requirement; supply capacity,NCC J9 EV provisions; load management share of MD,EV schedule; load management; MD share,provision meets NCC / DA; MD effect included in ELEC-MD-01,no car park,E-100; C-38 style
ELEC-MET-01,ELEC,Metering,"Metering scheme: NCC J9D3, tenancy, Green Star / NABERS requirements",计量方案：J9D3、租户、绿星 / NABERS,S6,energy-use categories; boards; tenancies; rating targets,NCC J9D3 thresholds; rating tool metering rules,P-METER; meter schedule; points to BMS,every energy-use category over threshold metered; rating tool rules met,—,P-METER; P-POINTS
ELEC-ICT-01,ELEC,ICT,"Communications backbone, PoE budget, cable lengths, rack heat and power",通信主干、PoE 功率预算、线缆长度、机柜散热与供电,S6,device counts; AP layout; switch types; rack positions,PoE budget per switch; channel length ≤ 90 m; rack heat to MECH-PLT-05,ICT schedule; rack schedule,PoE within budget; lengths within limit; rack cooling closed,—,P-ICT
ELEC-ENE-01,ELEC,Energy,Annual electrical energy estimate by end use,全年电耗估算（按用途）,S6,MD model; hours; lighting; HVAC (MECH-ENE-01); DHW; vertical transport; kitchen,hourly ledger or rating-tool inputs,kWh by end use; input to THM-ENE-01 and ratings,end uses reconcile with metering scheme,—,P-COMPLY
ELEC-PV-01,ELEC,Generation,"PV and battery sizing, export limits, structural and fire requirements",光伏与储能容量、出口限制、结构与消防要求,S5,roof area; irradiance; load profile; authority export rules,yield model; export limit; AS/NZS 5033 / AS/NZS 5139,PV schedule; yield; export arrangement,yield and limits recorded; roof loads to STR-LOAD-06,no PV in brief,Equipment Schedule; decision record
HYD-CW-01,HYD,Cold water,Potable water daily demand and probable simultaneous demand,自来水日用量与同时流量,S3,fixture schedule; occupancy; cooling tower make-up; irrigation; kitchen,AS/NZS 3500.1 loading / fixture units (digest records) with hotel demand data,daily demand kL/day; peak flow L/s per riser and main,every fixture counted; make-up and process water included,—,H-601; C-49 style write-up
HYD-CW-02,HYD,Cold water,"Authority mains pressure / flow, meter sizing, backflow hazard rating and devices",市政供水压力 / 流量、水表、回流防止等级与装置,S3,authority letter (S0 data pack); demand; hazard sources,authority data; AS/NZS 3500.1 backflow hazard ratings; meter sizing by peak flow,meter size; backflow schedule; supply pressure at boundary,authority data on file (not assumed); every cross-connection hazard has a device,—,H-601; C-13
HYD-CW-03,HYD,Cold water,"Storage: break tanks, day storage, fire / potable separation, refill rates",储水：中间水箱、日储、消防 / 生活分隔、补水,S3,demand; supply reliability; authority rules; pump duties,storage = demand × hours of autonomy (brief); refill within off-peak; turnover for water quality,tank schedule; volumes; refill flow,turnover ≤ 24 h or treatment; refill within supply capacity,direct mains supply throughout (state pressure basis),H-601; M-603
HYD-CW-04,HYD,Cold water,"Pressure zoning, PRVs / PHE pressure breaks and the pressure envelope at every level",压力分区、减压阀 / 板换隔压与各层压力包络,S3,level RLs; supply pressures; fixture pressure window 250–500 kPa,static + pump head per zone; PRV settings; envelope table per level,pressure per level table; PRV schedule; zone diagram,every level within 250–500 kPa at fixtures (or stated window); no zone > 8 levels without break,single-storey low-pressure site,H-601 (HY-0040 benchmark); C-12
HYD-CW-05,HYD,Cold water,"Booster / transfer pump duties, standby and VSD",增压 / 转输泵工况、备用与变频,S5,zone flows; heads; NPSH; control mode,system curve vs library pump curve; duty / standby / assist,pump schedule rows; control description,duty on curve; standby policy per brief,gravity supply only,P-PUMPS; M-605
HYD-CW-06,HYD,Cold water,"Cold-water pipe sizing per riser and branch, velocity and water-hammer control",冷水管径（立管与支管）、流速与水锤,S6,flows per branch; material; lengths; valve types,AS/NZS 3500.1 sizing tables or hydraulic calc; velocity ≤ 3 m/s (2.4 m/s in rooms); arrestors,pipe schedule per run; arrestor schedule,every run sized; velocities within limits,—,H-100 layouts
HYD-CW-07,HYD,Cold water,Cold-water pumping energy,冷水提升能耗,S6,pump duties; hours; efficiencies,kWh = flow × head × hours / efficiency,annual kWh; kWh/kL,reported; input to THM-WAT-01 / ELEC-ENE-01,gravity supply,C-15
HYD-HW-01,HYD,Hot water,"DHW daily energy, peak hour, heating-priority window and simultaneous flow",生活热水日耗能、高峰小时与同时流量,S3,occupancy; per-key demand; temperatures; profile shares; loop losses,energy ledger from demand profile; equivalent-volume reference; fixture coincidence for flow,daily kWh; peak-hour kWh; peak flow L/s; profile table,profile and occupancy stated; loop losses included,no DHW (state),C-01
HYD-HW-02,HYD,Hot water,"DHW usable storage, recovery and chronological energy balance",热水有效储热、回热与逐时能量平衡,S3,daily profile; storage temperatures; plant capacity; recovery availability (MECH-PLT-03),hour-by-hour balance; usable storage fraction; peak verification condition,storage volume; plant kW; balance table,no negative balance in the stress case; storage counted once,instantaneous only (state),C-02
HYD-HW-03,HYD,Hot water,Heat source selection: heat pump / heat recovery / immersion backup and annual source energy,热水热源选型：热泵 / 余热 / 电加热备用与年度能量,S5,energy ledger; vendor capacities at conditions; backup policy,vendor data at project conditions; backup covers peak without recovery; annual ledger,heat-source schedule; annual kWh by source; backup duty,backup + storage cover the stress case; annual ledger closes,—,C-03 / C-04 / C-05
HYD-HW-04,HYD,Hot water,"Return loop balancing, return pumps, temperatures at furthest point and TMV / zoning",回水平衡、回水泵、末端温度与混水阀 / 分区,S6,loop lengths; insulation losses; storage temperature; TMV zones,heat loss per loop; return flow for ΔT ≤ 5 K; TMV coverage; AS/NZS 3500.4 temperatures,return pump schedule; balancing schedule; TMV schedule,≥ 60 °C storage; delivery ≤ 45 / 50 °C at fixtures per use; loop ΔT ≤ 5 K,instantaneous point-of-use only,C-52; H-601
HYD-HW-05,HYD,Hot water,Legionella control routine and thermal disinfection regime,军团菌控制制度与热消毒,S6,system layout; dead legs; storage; tower interface,AS/NZS 3666 series regime; dead-leg limits; flushing schedule,risk management plan inputs; control routine; BMS points,regime documented; dead legs within limits,—,C-52; P-LOGIC
HYD-HW-06,HYD,Hot water,Heated-water pipe insulation and heat loss,热水管保温与热损失,S6,pipe sizes; lengths; ambient; NCC J8 requirements,NCC J8 (heated water services) insulation; loss W/m,insulation schedule; loop loss kW to HYD-HW-01,every heated pipe insulated per NCC; losses consistent with the energy ledger,—,P-PIPES
HYD-SAN-01,HYD,Sanitary,Sanitary drainage stacks and branches by fixture units,污废水立管与支管（按当量）,S3,fixture schedule per level; stack routes; offsets,AS/NZS 3500.2 fixture units and stack sizing tables (digest records),"stack schedule: DN per stack, FU load, room allocation",every stack within table capacity; offsets and diversions checked,—,H-110; C-11
HYD-SAN-02,HYD,Sanitary,"Venting: stack vents, relief / cross vents, AAVs, offsets",通气：立管通气、平衡通气、AAV、偏置,S6,stack heights; branch lengths; fixture positions,AS/NZS 3500.2 venting rules,vent schedule; vent sizes,every stack and branch vented per rules,—,H-110
HYD-SAN-03,HYD,Sanitary,Sewer connection capacity and authority conditions,污水接驳容量与主管部门条件,S0,peak sewage flow; authority connection point; trade waste,authority requirements; connection capacity vs peak,connection basis; conditions list,authority data on file; capacity ≥ peak,—,site data pack; C-11
HYD-SAN-04,HYD,Sanitary,"Sump pumps / lift stations: inflow, storage, duty / standby, alarms",集水井 / 提升泵：流入量、储存、双泵与报警,S6,basement fixtures; seepage; stormwater ingress; discharge head,inflow estimate; storage for pump cycle; duty / standby; AS/NZS 3500.2 pumped drainage,sump schedule; pump duties; alarm points,standby pump; storage ≥ one cycle; high-level alarm to BMS,no below-sewer drainage,C-50; P-PUMPS
HYD-SAN-05,HYD,Sanitary,"Trade waste: grease arrestor sizing by covers, cooling pits, authority acceptance",餐饮排污：隔油池按餐位、冷却池、主管部门认可,S6,kitchen covers; discharge fixtures; authority sizing rules,authority trade-waste sizing method (e.g. Sydney Water by covers),arrestor size; location and access; pump-out,size per authority method; access for pump-out,no commercial kitchen,C-51
HYD-SW-01,HYD,Stormwater,"Roof drainage: catchment, IFD rainfall, gutters, downpipes, box gutters, sumps and independent overflows",屋面排水：汇水、IFD 降雨、天沟、落水管、箱形天沟、溢流,S3,roof plan; IFD (S0 data pack); gutter profiles,AS/NZS 3500.3 design storm (ARI per element); box gutter overflow independent of primary,roof drainage schedule; overflow sizing,every roof area drained with overflow; independent overflow for towers (HYD-SW-03),—,C-10; H-100 roof
HYD-SW-02,HYD,Stormwater,"Site stormwater, OSD and rainwater reuse tank sizing",场地雨水、OSD 蓄洪与雨水回用水箱,S3,site catchment; council OSD rules; reuse demand; SSDA commitments,council method / MUSIC / DRAINS; reuse yield vs demand,OSD volume; reuse tank size; yield table,OSD per council; reuse tank matches commitment and yield,no site works (state),C-50; CIV-OSD-01
HYD-SW-03,HYD,Stormwater,Independent overflow / secondary stormwater stack for towers and podiums,塔楼 / 裙楼独立溢流立管,S6,roof drainage; stack routes,AS/NZS 3500.3 overflow provisions; separate discharge,overflow stack schedule,overflow independent of primary and discharging safely,low-rise with eaves gutters,C-10
HYD-GAS-01,HYD,Gas,"Gas load, pipe sizing, meter and regulators",燃气负荷、管径、燃气表与调压,S6,appliance MJ/h; lengths; pressure tiers,AS/NZS 5601.1 sizing tables; pressure drop limits,gas schedule; pipe sizes; meter and regulator,every appliance served within allowable drop,all-electric building,H-100 gas
HYD-POOL-01,HYD,Pool,"Pool and spa plant: turnover, filtration, heating, chemical dosing, balance tank",泳池 / 水疗设备：循环周期、过滤、加热、加药、平衡水箱,S6,pool volumes; bather loads; water temperatures; health regulations,turnover rate per state health guidelines; filter flow; heater duty; balance tank volume,pool plant schedule; heating duty to MECH / HYD-HW,turnover and filtration within guideline; heater duty on equipment schedule,no pool,E-609 / pool plant sheets
HYD-IRR-01,HYD,Irrigation,Irrigation demand and supply (rainwater / potable),灌溉需水量与供水,S6,landscape areas; plant types; climate,area × application rate; source priority,irrigation demand; source; controller,demand met by reuse or potable with backflow protection,no landscape irrigation,C-49; C-50
HYD-FIX-01,HYD,Fixtures,Sanitary fixture numbers vs occupancy,卫生洁具数量与人数,S2,occupancy per area; building class,NCC F4 (sanitary facilities) tables via digest,fixture count table per level,every area meets minimum counts; accessible fixtures per ARC-DDA-01,—,ID compliance report
HYD-MAT-01,HYD,Materials,"Pipe materials, supports and maximum spacing, expansion and anchors",管材、支架与最大间距、膨胀与固定,S6,system temperatures and pressures; pipe sizes; material library,material selection table (P-MAT); support spacing per material / size (AS/NZS 3500 / manufacturer); expansion loops,P-MAT; support schedule; anchor loads to STR,"every system has a material, support type and spacing; anchor loads issued",—,P-MAT; STR-LOAD-06
HYD-WEIGHT-01,HYD,Loads,Water-filled tank and equipment weights and floor loads to structure,满水设备 / 水箱重量与楼板荷载（交结构）,S5,tank volumes; equipment operating weights; footprints,operating weight = dry + water; pressure over footprint,P-LOADS schedule to STR,every tank and plant item on P-LOADS with position,—,P-LOADS
FIRE-STR-01,FIRE,Strategy,"Fire strategy basis: class, type of construction, rise in storeys, effective height, compartment sizes, FRLs",消防策略基础：类别、构造类型、层数、有效高度、分区面积、FRL,S1,brief; massing; areas per level; sprinkler decision,"NCC Section C (compartmentation, FRLs) via digest records; DtS vs PS list",fire strategy memo; F-100 strategy plans; DtS / PS table,every compartment and element has an FRL; departures listed,—,F-100; fire strategy memo
FIRE-EGR-01,FIRE,Egress,"Occupant numbers, exit count and widths, travel distances, stair widths, discharge",人数、出口数量与宽度、疏散距离、楼梯宽度、出口疏散,S1,areas per use; occupancy factors; layout; stair geometry,NCC Section D (via digest); occupant numbers per use; width per occupant; travel distance limits,egress calc package per level,every storey within travel distance and width limits; provisional until layout freeze (S3),—,F-100; egress calc package
FIRE-SPR-01,FIRE,Sprinklers,"Sprinkler hazard class, design density, AMAO, head spacing and coverage",喷淋危险等级、设计密度、作用面积、喷头间距与覆盖,S3,occupancy per area; storage; ceiling heights; obstructions,AS 2118.1 hazard classification and design criteria (digest records),sprinkler design criteria table per area; head counts,every area classified; density and AMAO stated,building not sprinklered (state basis),F-100 sprinkler; F-600
FIRE-SPR-02,FIRE,Sprinklers,"Sprinkler hydraulic calculation at most disadvantaged and most favourable areas, pressure zones",喷淋水力计算（最不利与最有利区）、压力分区,S6,pipe network; heads; pump / tank; pressure zones,Hazen-Williams network calc per AS 2118.1; supply curve vs demand,hydraulic calc report; pump duty input; max / min pressures,demand within supply with margin; max pressure below component rating,building not sprinklered,F-600; F-100; calc report
FIRE-HYD-01,FIRE,Hydrants,"Hydrant flows and pressures per level, booster, feed arrangement",消火栓各层流量压力、水泵接合器、供水,S3,building height; hydrant count; brigade requirements,AS 2419.1 flows / pressures (digest); booster and feed arrangement,hydrant schedule per level; booster schedule,every level within pressure window; booster located per brigade,building below hydrant threshold (state clause),F-600 wet fire; F-110
FIRE-HYD-02,FIRE,Hydrants,Hose reel coverage and hydraulics,消防卷盘覆盖与水力,S6,hose reel positions; coverage radius; supply,AS 2441 coverage; AS 2419.1 combined demand where applicable,hose reel schedule; coverage plan,coverage complete; supply adequate with hydrants,hose reels not required (state clause),F-110
FIRE-PMP-01,FIRE,Pumps,"Fire pump duty, suction, driver type, fuel, testing regime and TCO comparison",消防泵工况、吸水、驱动类型、燃油、测试制度与全寿命成本,S5,sprinkler and hydrant demands; tank level; driver options; testing rules,AS 2941 pumpset requirements; NPSH; diesel fuel autonomy; decision record on driver type,pump duty; driver decision; test regime; local supplier confirmation,duty covers max demand at max pressure zone; decision record closed,building without fire pumps (mains adequate — state authority letter),C-58; F-600
FIRE-TNK-01,FIRE,Tanks,"Fire water storage effective volume, refill and town-main reliability",消防水池有效容积、补水与市政供水可靠性,S3,demand duration; town main data; tank geometry,AS 2304 tank rules; effective capacity above suction; refill contribution,tank schedule; effective volume; refill,effective volume ≥ demand × duration less accepted refill,mains-fed system accepted by authority,F-600; M-603
FIRE-PEN-01,FIRE,Penetrations,Fire-stopping: every penetration mapped to a tested system and size,防火封堵：每个穿越对应测试系统与尺寸,S6,penetration schedule (STR-PEN-01); wall / floor types; service types,AS 4072.1 / AS 1530.4 tested systems from the details library,fire-stopping schedule; BQ rows per system,100 % of penetrations mapped; no untested combination,—,A-400 penetration plans; BQ
FIRE-DMP-01,FIRE,Dampers,"Fire and smoke damper schedule, ratings and access",防火阀与排烟阀表、等级与检修,S6,duct crossings of fire-rated elements; system types,AS 1682 dampers; access panel requirements,damper schedule with locations and tags,every duct crossing a rated element has a damper or a tested alternative,—,M-100; M-500
FIRE-DET-01,FIRE,Detection,"Detection zoning, detector type and spacing per space, interfaces",探测分区、探测器类型与间距、联动接口,S3,ceiling heights; space uses; airflow; zone plan,AS 1670.1 zoning and spacing rules (digest),detection zone plan; detector schedule; FIP loops,every space covered; zone sizes within limits,—,F-200; FIP single line
FIRE-EWIS-01,FIRE,EWIS,"EWIS / OWS zoning, speaker layout, sound pressure and intelligibility",EWIS 分区、扬声器布置、声压与可懂度,S6,zones; room acoustics; background noise,AS 1670.4 sound pressure and STI where required,EWIS layout; SPL per space; STI where applicable,SPL ≥ requirement in every space; STI where applicable,building not requiring EWIS (state clause),F-210
FIRE-EML-01,FIRE,Emergency lighting,Emergency lighting and exit signage (with ELEC-LGT-03),应急照明与出口标志,S6,egress routes; luminaire data,AS/NZS 2293.1,layout schedule,every route compliant,—,F-210
FIRE-CE-01,FIRE,Interlocks,"Cause and effect matrix: detection, EWIS, lifts, access control, BMS, smoke control, doors",联动矩阵：探测、EWIS、电梯、门禁、BMS、烟控、门,S6,all fire systems; interfaces; sequence,matrix per trigger and per output; consistent with MECH-CTL-02,cause & effect matrix; commissioning tests,every output has a trigger; tests in commissioning-tests.csv,—,F-200 series; commissioning-tests.csv
FIRE-PWR-01,FIRE,Power,"Fire pump, smoke control and lift power supplies, cable WS classification",消防泵、烟控与电梯电源，电缆 WS 分级,S6,essential loads; routes; fire compartments,AS/NZS 3013 cable classification; AS 2941 / AS/NZS 1668.1 supply rules,WS cable schedule; supply arrangement,every life-safety circuit has a compliant supply and cable class,—,E-604; ELEC-SLD-01
FIRE-PS-01,FIRE,Performance solutions,"Performance solutions: PBDB / FEB, executed analyses (ASET / RSET, CFD, FRL equivalence) with convergence and sensitivity",性能化设计：PBDB / FEB、实际运行分析（ASET / RSET、CFD、FRL 等效）含收敛与敏感性,S3,DtS departures; fire scenarios; geometry; occupant characteristics,IFEG / NCC performance requirements; executed models (not input files) with convergence and sensitivity,PBDB / FEB draft (S3); PS reports with results (S6),every departure has an analysis with results and acceptance criteria; consultation at S9,no performance solutions (all DtS),PS register; FER draft
FIRE-BRG-01,FIRE,Brigade,"Brigade access, booster location, hardstand and hydrant proximity",消防车道、水泵接合器位置、硬地与市政消火栓距离,S1,site plan; road access; brigade requirements,AS 2419.1 booster location rules; brigade access requirements,site fire access plan; booster position,brigade access and booster compliant; street hydrant within distance,—,A-100 site plan; F-100
FIRE-GAS-01,FIRE,Special hazards,Gaseous suppression or special hazard systems (if any),气体灭火或特殊危险系统（如有）,S6,protected rooms; hazards; volumes,AS ISO 14520 / relevant standard,agent quantity; room integrity; venting,room integrity and agent quantity closed,no special hazard systems,F-600
STR-LOAD-01,STR,Loads,Dead and superimposed dead loads incl. equipment weights schedule,恒载与附加恒载（含设备重量表）,S3,materials; build-ups; P-LOADS equipment schedule; façade weights,AS/NZS 1170.1 densities; equipment operating weights,load table per level and element; P-LOADS cross-check,every plant item and build-up in the load table,—,calc register; P-LOADS
STR-LOAD-02,STR,Loads,Imposed loads per occupancy and reductions,活荷载（按用途）与折减,S3,occupancy per area; storage; plant; vehicles,AS/NZS 1170.1 imposed loads (digest); reduction rules,imposed load table,every area has an imposed load with clause,—,S-500 load diagrams
STR-LOAD-03,STR,Loads,Wind loads on the structure and on cladding zones (local pressure factors),结构与围护风荷载（含局部压力系数）,S3,region; terrain; shielding; topography; building dimensions; importance level,AS/NZS 1170.2 (or AS 4055 for housing); Kl local factors for edges / corners,wind pressure tables for structure and cladding zones; input to FAC-WIND-01,pressures per zone tabulated with parameters; wind-tunnel need decided (FAC-WIND-02),—,S-500; Q-400
STR-LOAD-04,STR,Loads,"Earthquake actions: hazard, subsoil, importance level, ductility, base shear, drift",地震作用：危险性、场地类别、重要性等级、延性、基底剪力、层间位移,S3,site hazard factor; subsoil class; structure type; mass,AS 1170.4 or NZS 1170.5 (region); modal analysis from STR-ANL-01,seismic load table; drift check,base shear and drift documented; drift within limits,region with no seismic design requirement (state clause),S-500; calc register
STR-LOAD-05,STR,Loads,Snow and ice actions,雪荷载与冰荷载,S3,site altitude; roof geometry,AS/NZS 1170.3,snow load table,applied where required,site below snow threshold (state),S-500
STR-LOAD-06,STR,Loads,"Other actions: soil / hydrostatic, temperature, shrinkage, creep, construction, crane and lifting, service anchors",其他作用：土压 / 水压、温度、收缩、徐变、施工、吊装、设备固定支架,S3,geotech; water table; sequence; anchor loads from MECH-HYD-05 / HYD-MAT-01 / FAC-FIX-01,AS/NZS 1170.0 / 1170.1; geotech report; anchor reactions,other-actions table; anchor load register,every issued anchor / bracket load is in the structural load register,—,calc register
STR-LOAD-07,STR,Loads,Load combinations ULS / SLS,荷载组合（承载力 / 正常使用）,S3,all actions,AS/NZS 1170.0 combinations,combination table used by the model,combinations listed and applied in STR-ANL-01,—,modelling-assumptions sheet
STR-SYS-01,STR,System,"Gravity system, load path, transfer structures, robustness / disproportionate collapse",竖向体系、传力路径、转换结构、整体稳固性,S1,grid; spans; program; DfMA constraints,first-principles load path; NCC B1 / AS/NZS 1170.0 robustness,structural scheme memo (S1); load path diagram; transfer list,every load has a continuous path to foundations; transfers listed with NOT CALCULATED until analysed,—,structural scheme memo; S-100
STR-SYS-02,STR,System,"Lateral system: stability, cores / shear walls, torsion, drift limits, P-Δ",抗侧体系：稳定、核心筒 / 剪力墙、扭转、层间位移限值、P-Δ,S3,wind and seismic actions; core geometry; diaphragms,analysis model; drift limits per AS/NZS 1170 / serviceability; P-Δ,lateral analysis results; drift table,drift within limits; torsional irregularity assessed,single-storey braced shed (state),calc register; S-100
STR-ANL-01,STR,Analysis,"Global analysis model with modelling-assumptions sheet (stiffness modifiers, diaphragms, mass, supports)",整体分析模型与建模假定表（刚度折减、楼板、质量、支座）,S3,geometry from DB; sections; materials; loads; combinations,OpenSeesPy / PyNite from the DB; assumptions sheet; modal results,"analysis outputs: forces, displacements, periods; `.e2k` export; assumptions sheet",model checks pass; assumptions sheet complete; results traceable to calc IDs,—,modelling-assumptions sheet; .e2k
STR-ANL-02,STR,Analysis,Dual-solver comparison (.e2k in ETABS by the signing engineer),双求解器比对（.e2k 在 ETABS 中）,S9,same model; results from both,"compare reactions, periods, drifts, key member forces; ≤ 5 % agreement; 1–3 % expected",comparison table,within tolerance or differences explained by modelling choices,signing engineer uses OpenSees results directly,S9 package
STR-MEM-01,STR,Members,"Slabs (RC / PT): flexure, shear, punching shear, long-term deflection, crack control, vibration",楼板（RC / PT）：抗弯、抗剪、冲切、长期挠度、裂缝、振动,S6,spans; loads; concrete grade; PT layout,AS 3600 (NZS 3101); long-term deflection multipliers; punching at columns; footfall check where required,slab design summary per slab type; reinforcement / tendon schedule,every slab type checked; deflection ≤ limits; punching ≥ demand,—,S-100 / S-500
STR-MEM-02,STR,Members,"Beams and transfer beams: flexure, shear, torsion, deflection, detailing",梁与转换梁：抗弯、抗剪、抗扭、挠度、构造,S6,forces from STR-ANL-01; sections,AS 3600 / AS 4100 (NZS equivalents),member table B1…; utilisation; transfer beam special report,every beam has utilisation ≤ 1.0; transfers with full report,—,S-500 member schedule
STR-MEM-03,STR,Members,"Columns and walls: axial-moment interaction, slenderness, confinement, fire",柱与墙：轴力-弯矩相关、长细比、约束、耐火,S6,forces; sections; effective lengths,AS 3600 / AS 4100; interaction diagrams; fire per STR-FIRE-01,column / wall table; utilisation,every column and wall ≤ 1.0 at all levels,—,S-500
STR-MEM-04,STR,Members,"Core and shear walls: in-plane, boundary elements, coupling beams, openings",核心筒与剪力墙：面内、边缘构件、连梁、开洞,S6,lateral forces; wall geometry; openings from STR-PEN-01,AS 3600 wall provisions; coupling beam design,wall design summary; boundary element schedule,utilisation ≤ 1.0; openings reinforced,no shear walls,S-400 core sheets
STR-MEM-05,STR,Members,"Steel members and connections: capacity, stability, connection design, fatigue where relevant",钢构件与连接：承载力、稳定、连接设计、疲劳,S6,forces; sections; connection types,AS 4100 (NZS 3404); connection capacity tables,steel member table; connection schedule,every member and connection ≤ 1.0,no structural steel,S-500; S-400
STR-MEM-06,STR,Members,"Timber / CLT members, connections and fire char",木 / CLT 构件、连接与炭化耐火,S6,forces; grades; moisture; fire requirements,AS 1720 (NZS 3603); char rate method,member table; connection schedule; fire check,≤ 1.0 with fire reduction,no timber structure,S-500
STR-MEM-07,STR,Members,"Precast / modular (DfMA): lifting, handling, transport, connections, tolerances",预制 / 模块化（DfMA）：吊装、搬运、运输、连接、公差,S6,element list; crane data; connection types; transport limits,AS 3850 precast; dynamic factors; connection design; tolerance schedule,element schedule with lifting inserts; connection details; tolerance table,every element has lifting and connection design; transport envelope checked,no precast / modules,S-400; details library
STR-MEM-08,STR,Members,"Secondary elements: stairs, balustrade supports, BMU supports, façade bracket reactions, plant plinths",次要构件：楼梯、栏杆支座、BMU 支座、幕墙支座反力、设备基础,S6,loads from FAC / MECH / VT; geometry,AS/NZS 1170.1 loads; member design; anchor design AS 5216,secondary element table; anchor schedule,every issued reaction has a designed support,—,S-400; FAC-FIX-01
STR-FND-01,STR,Foundations,"Foundations from geotech: bearing, settlement, piles (capacity, group, negative skin friction), rafts",基础（依据岩土）：承载、沉降、桩（承载力、群桩、负摩阻）、筏板,S3,geotech report (people-commissioned); column loads; water table,geotech parameters; AS 2159 piling; raft analysis,foundation schedule; settlement estimate,capacity ≥ loads with geotech factors; settlement within limits; NOT CALCULATED until geotech received,—,S-300 foundation plan
STR-FND-02,STR,Foundations,"Retaining and basement walls, hydrostatic uplift / flotation, waterproofing pressures",挡土墙与地下室外墙、水浮力、防水压力,S6,soil parameters; water table; surcharges,AS 4678; uplift check with water table; drainage assumptions,wall design; uplift check,uplift factor ≥ required; wall utilisation ≤ 1.0,no basement / retaining,S-300
STR-FND-03,STR,Foundations,Slab on ground and pavements (housing / light structures),地坪板与路面（住宅 / 轻型结构）,S6,site class; loads; subgrade,AS 2870 / AS 3727,slab design,per standard,not applicable to suspended-slab building,S-300
STR-DUR-01,STR,Durability,"Durability: exposure class, cover, concrete grade, crack width, corrosion protection",耐久性：暴露等级、保护层、混凝土等级、裂缝宽度、防腐,S6,"location (coastal, chloride); element types",AS 3600 exposure classes and cover; AS/NZS 2312 steel protection,durability schedule per element,"every element has exposure class, cover and grade",—,S-500 general notes
STR-FIRE-01,STR,Fire,Fire resistance of structural members (FRL per compartment),结构构件耐火（按分区 FRL）,S6,FRLs from FIRE-STR-01; sections; cover,AS 3600 Section 5 / AS 4100 Section 12 / AS 1720.4,FRL check per element type,every element meets its FRL,—,S-500; FIRE-STR-01
STR-PEN-01,STR,Penetrations,Penetration schedule and reinforcement around openings; PT no-drill zones; beam depth vs duct routes,开洞清单与洞口加强；PT 禁钻区；梁高与风管走向,S6,services routes (db/services-routes.json); PT layout; beam schedule,opening reinforcement rules; PT tendon clearances; coordination with services-coordination-2d,penetration schedule; no-drill zone plan; reinforcement details,every penetration on the schedule with reinforcement or approval; no penetration in a no-drill zone,—,S-100 penetration plans; C-100
STR-TMP-01,STR,Temporary works,"Temporary works: propping / back-propping, formwork, crane bases and ties, hoists, edge protection",临时工程：支撑 / 回撑、模板、塔吊基础与附着、施工电梯、临边防护,S6,construction sequence; crane data; formwork system,AS 3610 formwork; crane supplier loads; back-propping analysis,temporary works register with designer / signer per item,"every item has a designer and a sign-off route; drafted S6, finalised S10",—,construction planning sheets
STR-CON-01,STR,Construction,"Construction sequence / staged analysis: transfer, PT stages, differential axial shortening",施工顺序 / 分阶段分析：转换、预应力分阶段、竖向差异压缩,S6,sequence; PT stages; column / wall stress,staged analysis; shortening estimate with creep / shrinkage,stage results; shortening table; pre-set values,stages checked; shortening within tolerance for façade / services (FAC-MOV-01),low-rise without transfers,calc register
STR-SET-01,STR,Serviceability,"Serviceability: deflection limits, footfall vibration, movement joints",正常使用：挠度限值、脚步振动、变形缝,S6,spans; use; joint layout,AS/NZS 1170.0 Appendix C limits; footfall (SCI / CCIP methods) where required,serviceability table; joint schedule,every span within limits; sensitive floors checked,—,calc register; A-100 joint plan
STR-CLAD-01,STR,Interfaces,"Reactions and movements issued to façade and roof (deflection, drift, creep, tolerances)",向幕墙与屋面提供的反力与变形（挠度、层间位移、徐变、公差）,S6,analysis results; slab edge details,"summary of edge deflections, drifts, shortening and tolerances per level",structure-to-façade interface table,table issued and referenced by FAC-MOV-01 / FAC-FIX-01,—,interface table
FAC-WIND-01,FAC,Wind,"Design wind pressures on cladding per zone (local pressure factors, internal pressure)",围护结构各区设计风压（局部压力系数、内压）,S3,STR-LOAD-03 parameters; building geometry; opening scenarios,AS/NZS 1170.2 cladding pressures with Kl; AS 4055 for housing,cladding pressure map per elevation and roof zone,every elevation and roof zone has a pressure; corners and edges identified,—,Q-400; FAC calc book
FAC-WIND-02,FAC,Wind,Wind-tunnel / cladding pressure study decision for tall or complex buildings,风洞 / 围护风压试验决策,S1,height; shape; surroundings,AS/NZS 1170.2 applicability limits; decision record,decision with basis,decision recorded; if study needed it is a people task at S3,building within code method limits,decision record
FAC-GLZ-01,FAC,Glazing,"Glass thickness and type: wind, human impact, deflection, edge and support conditions",玻璃厚度与类型：风压、人体冲击、挠度、边部与支承,S3,pressures; pane sizes; support type; safety locations,AS 1288 design charts / calc; laminated / toughened selection,glass schedule per type; utilisation,every pane type checked for wind and impact; deflection within limit,—,Q-500 glass schedule
FAC-GLZ-02,FAC,Glazing,Glazing thermal / solar performance and thermal-stress breakage risk,玻璃热工 / 遮阳性能与热应力破裂风险,S3,U / SHGC / VLT targets from THM-FAC-01; shading; tinted glass,manufacturer data; thermal stress check for tinted / coated glass with partial shading,glazing performance schedule; thermal stress check,values match the thermal model; stress risk assessed,—,Q-500; THM-FAC-01
FAC-FRM-01,FAC,Framing,"Curtain wall / window framing: mullion and transom spans, deflection limits, sections, thermal breaks",幕墙 / 窗框：竖梃与横梁跨度、挠度限值、截面、断热,S6,pressures; spans; glass weights; deflection limits (L/175 etc.),AS/NZS 1170.2 loads; aluminium AS/NZS 1664; deflection limits per AS 1288 / manufacturer,framing schedule; utilisation; section properties,every span within deflection and stress limits,no curtain wall / framed façade,Q-400; FAC calc book
FAC-FIX-01,FAC,Fixings,"Brackets and anchors: reactions, post-installed anchors, slab-edge conditions, tolerances, thermal movement",支座与锚固：反力、后置锚栓、板边条件、公差、热胀,S6,framing reactions; slab edge details; concrete grade; edge distances,AS 5216 anchors in concrete; bracket capacity; tolerance ±; STR-CLAD-01 movements,bracket and anchor schedule; reactions to STR-MEM-08,every bracket has a capacity ≥ reaction with tolerance; anchors within edge distance rules,—,Q-400 details; S-400
FAC-FIX-02,FAC,Fixings,"Cladding fixing capacity and fixing spacing: screw / rivet pull-out and pull-over, tributary area × pressure per zone",围护板固定件承载力与固定间距：螺钉 / 铆钉抗拔与抗拉穿，按分区风压 × 受荷面积,S6,cladding pressures per zone (FAC-WIND-01); fastener tested capacities; substrate; sheet thickness,fastener capacity (manufacturer test data / AS/NZS 4600) with capacity factors; spacing = capacity ÷ (pressure × tributary width); edge / corner zones tighter,"fixing schedule per zone: fastener, spacing, edge distance; setting-out",spacing per zone computed and drawn; corner and edge zones separately; no generic 'per manufacturer' without numbers,no fixed cladding (state),Q-400; Q-500 fixing schedule
FAC-FIX-03,FAC,Fixings,"Metal wall cladding / façade panels: span tables, support spacing, thermal movement, panel flatness, sub-frame",金属外墙板 / 幕墙板：跨度表、支承间距、热胀、平整度、副框,S6,panel type; spans; pressures; temperature range,manufacturer tested span tables at the zone pressure; thermal movement per panel length; sub-frame design,panel schedule; sub-frame schedule; movement joints,spans within tested tables; joints accommodate movement,no metal cladding,Q-400
FAC-MOV-01,FAC,Movement,"Inter-storey drift, slab deflection, creep shortening and thermal movement accommodation; joint sizing",层间位移、板挠度、徐变压缩与热胀的吸收；缝宽,S6,STR-CLAD-01 table; façade system; joint types,movement stack-up per joint; joint size = movement × sealant factor,movement schedule per joint type,every joint sized for combined movement,—,Q-400 details
FAC-WPF-01,FAC,Weatherproofing,"Weatherproofing strategy: pressure equalisation, drainage, flashings, sealant joint sizing, test plan (AS 4284)",防水策略：压力平衡、排水、泛水、密封缝尺寸、测试方案（AS 4284）,S6,system; exposure; joint layout,AS 4284 test criteria; sealant movement capability; drainage paths drawn,weatherproofing report; joint schedule; test plan,every joint has a designed path for water; test plan defined,—,Q-400; spec
FAC-FIRE-01,FAC,Fire,"Combustibility and fire performance of cladding, insulation and attachments; spandrels, cavity barriers, edge seals",围护材料可燃性与防火性能；层间防火、空腔隔断、边缘封堵,S1,cladding types; type of construction; insulation; attachments,"NCC Section C (non-combustible requirements, AS 1530.1 / AS 1530.3, AS 5113 where relevant); spandrel / cavity barrier rules",combustibility route (S1); fire performance schedule (S6),every external wall component has an evidence path (test report or non-combustible),—,Q-500; compliance-matrix.csv
FAC-ACU-01,FAC,Acoustics,Façade acoustic rating vs external noise (with ACU-EXT-01),幕墙隔声等级与外部噪声,S3,external levels; internal criteria; glazing options,Rw + Ctr required per elevation; glazing / frame data,façade acoustic schedule,every elevation meets internal criteria,—,Q-500; ACU calc book
FAC-BMU-01,FAC,Access,"BMU / façade access: loads, davits, restraint anchors, reach, parking",BMU / 幕墙维护：荷载、吊臂、安全锚点、覆盖、停放,S3,façade geometry; cleaning strategy; roof space,AS/NZS 1891 / AS 1657; BMU supplier loads to STR-MEM-08,BMU schedule; anchor schedule; reach diagram,100 % façade reachable; loads issued to structure,low-rise with ground access (state),Q-400; roof plan
FAC-ROOF-01,FAC,Roof,"Roof sheeting: profile, span, fixing pattern per pressure zone, cyclonic testing requirements",屋面板：板型、跨度、按风压分区的固定方式、气旋区测试要求,S6,roof pressures per zone; sheet profile; support spacing; cyclonic region,AS 1562.1 with manufacturer tested spans and fixing patterns at zone pressures; low-high-low cyclic testing where required,roof sheeting schedule; fixing pattern per zone; setting-out,every zone within tested capacity; cyclonic tests referenced where applicable,concrete / membrane roof,Q-400 roof; fixing schedule
FAC-ROOF-02,FAC,Roof,"Purlins, battens and girts: spans, sections, cleats, bridging, fixings",檩条、挂瓦条与墙梁：跨度、截面、连接件、支撑、固定,S6,roof loads; spans; sections,AS/NZS 4600 / AS 4100 / AS 1684 span tables or calc,purlin schedule; bridging; cleat schedule,every purlin span within capacity; uplift connections checked,concrete roof,S-500; Q-400
FAC-ROOF-03,FAC,Roof,"Roof drainage: gutters, sumps, overflows, falls and ponding (with HYD-SW-01)",屋面排水：天沟、集水口、溢流、坡度与积水,S6,roof geometry; IFD; membrane falls,AS/NZS 3500.3; minimum falls; ponding check for deflected roofs,roof drainage plan; overflow schedule,every roof area has primary and overflow; falls ≥ minimum after deflection,—,H-100 roof; Q-400
FAC-ROOF-04,FAC,Roof,"Roof and wall insulation, condensation and vapour control (NCC J / F8)",屋面与外墙保温、结露与隔汽控制（NCC J / F8）,S6,build-ups; climate zone; internal conditions,NCC J4 thermal performance; NCC F8 condensation management; THM-COND-01,build-up schedule with R-values and vapour layers,every build-up meets R and condensation requirements,—,Q-500; THM-COND-01
FAC-ROOF-05,FAC,Roof,"Roof safety: anchor points, walkways, edge protection, plant platforms, ladders",屋面安全：锚点、走道、临边防护、设备平台、爬梯,S6,roof plan; plant positions; maintenance tasks,AS 1657; AS/NZS 1891.4; anchor loads to STR,roof safety plan; anchor schedule,every maintenance task has a compliant access and fall-protection path,—,roof plan; S-400
FAC-ROOF-06,FAC,Roof,"Roof plant loads, plinths, vibration mounts and penetration flashings",屋面设备荷载、基础、减振与穿越泛水,S6,P-LOADS; plant positions; vibration isolation (ACU-VIB-01),load transfer to structure; plinth design; flashing details from library,plinth schedule; penetration schedule with flashing details,every roof plant item has a plinth and a flashed penetration detail,—,Q-400; M-100 roof
FAC-WPF-02,FAC,Waterproofing,"Waterproofing membranes: wet areas, external / podium / planters, falls and drainage, terminations",防水膜：湿区、外部 / 裙楼 / 种植区，坡度、排水、收口,S6,wet-area extents (ARC-WET-01); podium layouts; planter depths,AS 3740 internal wet areas; AS 4654 external above-ground; falls and drainage,waterproofing plans; membrane schedule; details,"every wet area and external deck has a membrane, falls and termination detail",—,A-100 waterproofing plans; A-400
FAC-BAL-01,FAC,Balustrades,"Balustrades and barriers: loads, heights, glass, posts, fixings, openings",栏杆与护栏：荷载、高度、玻璃、立柱、固定、开口,S6,locations; loads per use; glass types,AS/NZS 1170.1 barrier loads; AS 1288 glass; NCC D3 heights and openings,balustrade schedule; fixings; utilisation,every balustrade type checked with fixings,—,A-400; Q-500
FAC-DOOR-01,FAC,Openings,"External doors and windows: AS 2047 ratings, water penetration, air infiltration, operating forces",外门窗：AS 2047 等级、水密、气密、操作力,S6,pressures; sizes; DDA force limits,AS 2047 performance ratings; AS 1428.1 force limits,door and window schedule with ratings,every opening rated for its zone pressure; forces within DDA limits,—,A-500 door / window schedule
FAC-MAINT-01,FAC,Maintenance,"Maintenance and replacement strategy: glass replacement, sealant life, cleaning cycle, access",维护与更换策略：换玻璃、密封胶寿命、清洁周期、通道,S6,system; access design; lifecycle costs,lifecycle schedule; TCO input to decision record,maintenance strategy; replacement method per element,every element has a replacement method without demolition,—,decision record; O&M inputs
ACU-EXT-01,ACU,External,"External noise sources and levels, internal criteria, façade insulation targets",外部噪声源与噪声级、室内指标、幕墙隔声目标,S1,noise survey (people-commissioned); road / rail / aircraft data; room uses,AS/NZS 2107 internal levels; state road / rail noise policies; Rw + Ctr per elevation,noise criteria table; façade targets per elevation,every façade elevation has a target; survey data on file or ASSUMED with expiry,—,ACU calc book; FAC-ACU-01
ACU-INT-01,ACU,Internal,"Partition and floor ratings (Rw + Ctr, Ln,w), flanking control, doors","隔墙与楼板隔声（Rw + Ctr、Ln,w）、侧向传声、门",S2,room adjacencies; wall / floor build-ups; door types,NCC F7 (2022) sound transmission requirements via digest; tested build-ups from library,acoustic schedule per wall / floor type; flanking details,every SOU boundary meets requirements with a tested build-up,—,A-500 wall types; ACU calc book
ACU-PLT-01,ACU,Plant,"Plant noise to boundaries and neighbouring receivers: propagation, barriers, attenuators",设备噪声对边界与邻近受体：传播、隔声屏、消声,S3,plant sound power (vendor at S5); positions; receiver distances; council / EPA limits,point / line source propagation with directivity and barriers; octave bands,boundary noise table; mitigation schedule,every receiver within limit; vendor data replaces ASSUMED at S5,no external plant,C-56 style; ACU calc book
ACU-PLT-02,ACU,Plant,Plant noise into occupied spaces above / below / beside plant rooms,设备噪声传入相邻占用空间,S6,plant sound power; separating constructions; room criteria,transmission loss of separating elements; structure-borne paths,internal plant noise table,every adjacent room within NR target,—,ACU calc book
ACU-DUCT-01,ACU,Ducts,"Duct-borne and break-out noise, attenuator schedule, regenerated noise (with MECH-NOISE-01)",风管传声与透声、消声器表、再生噪声,S6,fan data; duct paths; room absorption,octave-band path calc; break-out per duct wall; regenerated noise at fittings,attenuator schedule; NR per room,NR ≤ target,—,M-500; ACU calc book
ACU-VIB-01,ACU,Vibration,"Vibration isolation: isolator static deflection, transmissibility, inertia bases, flexible connections",减振：减振器静态挠度、传递率、惰性基座、软连接,S6,equipment speeds and weights; supporting structure stiffness; sensitivity of spaces,isolation efficiency from deflection ratio; inertia base mass rules,isolator schedule per equipment,every rotating item has an isolator with stated efficiency,—,M-500; ACU calc book
ACU-PIP-01,ACU,Pipes,"Pipe and drainage noise: velocity limits, water hammer, stack noise into rooms, lagging",管道与排水噪声：流速限值、水锤、立管噪声、包裹,S6,pipe routes near rooms; velocities; stack types,velocity limits; lagging / boxing details,pipe noise mitigation schedule,stacks near bedrooms treated; velocities within limits,—,H-110; ACU calc book
ACU-RT-01,ACU,Rooms,"Reverberation and room acoustics for restaurants, lounges, function rooms",餐厅、酒廊、宴会厅混响与室内声学,S6,room geometry; finishes; use,Sabine / Eyring RT; absorption schedule,RT per room; absorption schedule to ID,RT within target,no such rooms,ID finishes; ACU calc book
ACU-EWIS-01,ACU,EWIS,Speech intelligibility (STI) for EWIS in reverberant / noisy spaces (with FIRE-EWIS-01),EWIS 可懂度（STI）,S6,RT; background noise; speaker layout,STI estimate per space,STI table,STI ≥ requirement where applicable,EWIS not required,F-210
ACU-CON-01,ACU,Construction,Construction noise and vibration management inputs,施工噪声与振动管理输入,S9,site; neighbours; hours; equipment,state guidelines; predicted levels,CNVMP inputs,inputs issued for the application,—,application support (package C)
THM-LOAD-01,THM,Loads model,"Loads-version thermal model outputs (results.json v2): zones, block, design-day basis, OA, sensible / latent, sizing factors",热模型负荷版输出（results.json v2）：分区、block、设计日依据、新风、显 / 潜热、裕量,S3,DB geometry; envelope; schedules; weather; design days,EnergyPlus loads model; `templates/results.schema.json`,results.json (run_status completed); report.md conclusions first; model.idf,results.json validates against the schema; run_status completed; design_day_basis filled,—,X-000; thermal/results.json
THM-FAC-01,THM,Façade,"Façade option comparison: peak loads, annual energy, ΔCAPEX, ΔOPEX, simple annual return",幕墙方案比选：峰值负荷、年能耗、ΔCAPEX、ΔOPEX、简单年收益率,S3,"option definitions (WWR, glass, shading, insulation); product prices; tariffs",loads model per option; decision record per `templates/decision-record.md`,comparison table; decision record; PD decision at G3,every option has all columns; ≥ 15 % rule applied,—,decision record; X-000
THM-ENE-01,THM,Energy,Annual energy by end use and rating estimates (NABERS Energy / Green Star inputs),全年分项能耗与评级估算（NABERS / 绿星输入）,S6,MECH-ENE-01; ELEC-ENE-01; HYD-HW-03; occupancy,annual ledger; rating-tool method,energy table kWh/m²; rating estimate with method,targets in the brief compared with estimates; assumptions tagged,no rating target,P-COMPLY
THM-COMP-01,THM,Compliance,NCC Section J compliance model (JV3 reference vs proposed) / NZ H1 modelling method,NCC Section J 合规模型（JV3 参照 vs 设计）/ NZ H1 建模法,S7,S7 IFC geometry; envelope; systems; schedules,EnergyPlus JV3 reference building comparison or NZ H1 method; retained parameters,Energy Compliance Report with PASS / FAIL and margin,proposed ≤ reference on every required metric; report retained with inputs,DtS elemental route chosen and passing (state),Energy Compliance Report
THM-COMP-02,THM,Compliance,NatHERS ratings for Class 1 / 2 dwellings (accredited assessor),NatHERS 评级（1 / 2 类住宅，认证评估员）,S7,dwelling plans; envelope; orientation,accredited assessor with certified software; AI prepares the model inputs,certificates per dwelling,every dwelling meets the required stars; certificates on file,no Class 1 / 2 dwellings,certification pack
THM-DL-01,THM,Daylight,Daylight and glare analysis for lighting controls and rating credits,采光与眩光分析（照明控制与评级得分）,S6,glazing; room geometry; sensors,Radiance / climate-based daylight metrics,daylight table; control zoning to ELEC-LGT-02,daylight zones defined for controls,no daylight credit or control,P-COMPLY; P-LIGHT
THM-COND-01,THM,Condensation,Condensation risk assessment of envelope build-ups (NCC F8),围护构造结露风险评估（NCC F8）,S6,build-ups; climate zone; internal humidity,NCC F8 condensation management; Glaser / hygrothermal check,condensation check per build-up,every build-up passes or is redesigned,—,FAC-ROOF-04
THM-AIR-01,THM,Airtightness,"Airtightness targets, detailing and test plan",气密性目标、构造与测试方案,S6,envelope area; target rating; test standard,target air permeability; blower-door test plan,airtightness plan,target and test plan defined; details reference library,no target in brief,P-COMPLY
THM-WAT-01,THM,Water,"Water balance: consumption by end use, NABERS Water estimate, rainwater reuse yield",水平衡：分项用水、NABERS Water 估算、雨水回用产量,S6,HYD-CW-01; HYD-SW-02; occupancy; fixtures (WELS),annual water ledger; reuse yield simulation,water table kL/yr; rating estimate,ledger reconciles with HYD demands,no water target,P-COMPLY
THM-CARB-01,THM,Carbon,Refrigerant impact and embodied carbon where targeted,制冷剂影响与隐含碳（如有目标）,S6,refrigerant charges; leakage rates; materials,rating-tool method (e.g. Green Star credit method),carbon table,reported per tool method,no carbon target,P-COMPLY
VT-TRF-01,VT,Traffic,"Lift traffic analysis: handling capacity, interval, car count / size / speed",电梯交通分析：运载能力、间隔、台数 / 容量 / 速度,S1,population per level; peak profile; building height,CIBSE Guide D traffic calc script; hotel / residential criteria,lift schedule; performance table,handling capacity and interval within criteria,single-storey building,VT calc; A-100 core
VT-DDA-01,VT,Access,Accessible lift cars and controls,无障碍电梯轿厢与操作,S2,car sizes; controls; DDA requirements,AS 1735.12; NCC E3,accessible lift check,every required lift compliant,no lifts,ID compliance report
VT-MR-01,VT,Machine room,"Machine room / machine-room-less space, overrun, pit, heat load, power",机房 / 无机房空间、顶层高度、底坑、发热、供电,S3,lift schedule; vendor data,vendor space and heat data; MECH-PLT-05 for heat; ELEC-DB-03 for starting,shaft / pit / overrun dimensions; heat kW; power kW,dimensions in the DB; heat and power passed to MECH / ELEC,—,A-400 core; Equipment Schedule
VT-FIRE-01,VT,Fire,"Fire-fighter and evacuation lift requirements, power and controls",消防电梯与疏散电梯要求、电源与控制,S3,building height; NCC requirements,NCC E3 (fire-fighter lifts) via digest; AS 1735; interfaces to FIRE-CE-01,requirement statement; supply arrangement,requirements met or N/A with clause,building below threshold (state clause),E-604; FIRE-CE-01
VT-ESC-01,VT,Other,"Escalators, goods lifts, dock levellers, car lifts where applicable",扶梯、货梯、装卸平台、汽车升降机（如有）,S3,program; vehicle types; loads,vendor data; AS 1735 series,schedule,every item has a duty and space,none in the brief,Equipment Schedule
CIV-SW-01,CIV,Stormwater,"Site catchments, IFD rainfall, minor / major system, pit and pipe sizing",场地汇水、IFD 降雨、小 / 大排水系统、检查井与管径,S3,survey; IFD (S0); site layout; council DCP,rational method / DRAINS; ARI per council,site drainage plan; pit and pipe schedule,minor and major systems sized; overland flow path shown,no external works,T-100 civil
CIV-OSD-01,CIV,Stormwater,OSD and water quality treatment (council requirements),OSD 蓄洪与水质处理（市政要求）,S3,catchment; pre / post flows; council targets,council OSD method; MUSIC for quality,OSD volume and outlet; treatment train,targets met per council,council does not require OSD (state),T-100; HYD-SW-02
CIV-EW-01,CIV,Earthworks,"Earthworks, cut / fill balance, batter stability, dewatering",土方、挖填平衡、边坡稳定、降水,S3,survey; geotech; levels,cut / fill volumes; batter angles per geotech; dewatering method,earthworks plan and volumes,volumes and batters recorded; dewatering approvals identified,flat site with no bulk earthworks,T-100
CIV-RET-01,CIV,Retaining,Retaining walls (site) — with STR-FND-02 for basement walls,场地挡土墙,S6,heights; soils; surcharges; drainage,AS 4678,wall schedule; drainage,utilisation ≤ 1.0; drainage designed,no retaining,T-100; S-300
CIV-PAV-01,CIV,Pavements,"Pavements, driveways, gradients, transitions and drainage",路面、车道、坡度、过渡段与排水,S6,vehicle loads; subgrade; layout (TRF-SWEPT-01),AS 3727 / Austroads; AS 2890 gradients,pavement schedule; long-sections,gradients and transitions within AS 2890; pavement thickness per subgrade,no vehicle areas,T-100
CIV-FLD-01,CIV,Flood,"Flood level, freeboard and finished floor levels",洪水位、超高与室内地坪标高,S0,council flood data (S0 data pack); site levels,council flood planning level + freeboard,FFL statement; flood-affected services list,FFLs above planning level; flood-affected plant identified (high-risk item),site not flood-affected (council confirmation),brief; site data pack
CIV-SEW-01,CIV,Utilities,"Sewer, water, power, gas and comms connection capacity and points (authority)",污水、给水、电力、燃气、通信接驳容量与接入点,S0,authority applications (people); demands,authority responses,utilities connection table,every utility has a confirmed or ASSUMED capacity with expiry gate,—,site data pack
CIV-ESC-01,CIV,Erosion,Erosion and sediment control plan inputs,水土保持方案输入,S9,site; soils; staging,state guidelines,ESCP inputs,issued with the application,no external works,application support
ARC-AREA-01,ARC,Areas,"Area schedule: GFA, FSR, NLA, efficiency, key count, BOH ratio",面积表：GFA、容积率、可租面积、效率、房间数、后勤比例,S1,massing; planning controls; program,planning definitions (jurisdiction) via digest / DCP,area schedule per level; feasibility check,GFA within FSR; efficiency and BOH within brief targets,—,A-000 area schedule
ARC-DDA-01,ARC,Access,"Accessible SOU counts, continuous accessible path, turning spaces, door widths, ramps, lifts, signage",无障碍房数量、连续无障碍路线、回转空间、门宽、坡道、电梯、标识,S2,room counts; layouts; door schedule; gradients,AS 1428.1 / NCC D4 (2022) via digest; real door leaves and hardware,access report items (DtS / PS); 1:50 checks,every route and room checked against installed clear dimensions,—,D-series access sheets; ID compliance report
ARC-SAN-01,ARC,Sanitary,Sanitary facility counts vs occupancy (with HYD-FIX-01),卫生设施数量,S2,occupancy; class,NCC F4,count table,meets minimums,—,ID compliance report
ARC-FIN-01,ARC,Finishes,"Finish fire hazard properties (group numbers, CRF) per location",饰面燃烧性能（组别、临界辐射通量）,S2,"finish schedule; locations (exits, corridors, rooms)",NCC C (fire hazard properties) via digest; AS 5637 / AS ISO 9239 test reports,finishes compliance table,every finish has a test report meeting its location requirement,—,I-500 finishes schedule
ARC-SLIP-01,ARC,Finishes,"Slip resistance classes per location (wet / dry, ramps, stairs)",防滑等级（干湿、坡道、楼梯）,S2,finish schedule; locations,AS 4586 / HB 198 classes; NCC requirements,slip class table,every floor finish meets its location class,—,I-500
ARC-WET-01,ARC,Wet areas,"Wet-area waterproofing extents, falls and drainage points",湿区防水范围、坡度与地漏,S2,room layouts; fixtures,AS 3740; NCC F1; one floor waste per wet area with charging fixture or trap primer,waterproofing extents per room; drainage points to HYD-SAN-01,"every wet area has extents, falls and a floor waste",—,A-100 waterproofing; H-110
ARC-LIGHT-01,ARC,Natural light,Natural light and ventilation areas per habitable room,天然采光与自然通风面积,S2,room areas; window sizes,NCC F6 (light and ventilation) via digest,compliance table per room type,every habitable room compliant or mechanically served (MECH-OA-01),—,ID compliance report
ARC-CEIL-01,ARC,Ceiling zone,Ceiling zone and clear height stack: structure + services + ceiling per corridor / room type,吊顶空间与净高叠加：结构 + 机电 + 吊顶,S3,beam depths; duct / pipe sizes (largest per zone); ceiling build-up; required clear heights,stack-up per zone type; band order structure → fire → duct → pipe → tray; services-coordination-2d rules,ceiling-zone sections; zone depth table (db/services-routes.json zones),every zone type has a section and a depth budget; no negative margin,—,A-400 ceiling zone sections; C-300
ARC-WWR-01,ARC,Envelope,Window-to-wall ratio and envelope area take-off per orientation,窗墙比与围护面积（按朝向）,S1,elevations; glazing extents,area take-off from the DB,WWR per orientation; envelope areas,values feed THM-LOAD-01 and FAC-WIND-01,—,A-200; X-000
TRF-PARK-01,TRF,Parking,"Car, motorcycle, bicycle and accessible parking counts; loading and service bays",车位、摩托车位、自行车位、无障碍车位；装卸与服务车位,S1,program; council DCP; use classes,DCP rates via digest; AS/NZS 2890.6 accessible; AS 2890.3 bicycle,parking schedule,counts meet DCP or PS recorded,no parking required,T-100; A-100 basement
TRF-SWEPT-01,TRF,Vehicles,"Swept paths for design vehicles, ramp grades and transitions, headroom, sight lines",设计车型扫掠路径、坡道坡度与过渡、净高、视距,S3,design vehicles; layout; ramp geometry,AS 2890.1 / 2890.2 templates and limits,swept path sheets 1:200; ramp long-sections,every design vehicle path clear; grades and headroom within limits,no vehicle access,T-100 swept paths
TRF-DOCK-01,TRF,Loading,"Loading dock: vehicle types, bay sizes, dock equipment, waste vehicle flow, management plan inputs",装卸区：车型、车位尺寸、装卸设备、垃圾车流线、管理方案输入,S3,deliveries and waste profile; vehicle sizes,AS 2890.2; waste contractor vehicle data,dock layout; equipment schedule; WMP inputs,every service vehicle accommodated; waste flow closed,no dock,T-100; K-series
TRF-GEN-01,TRF,Traffic,Traffic generation and access impact inputs,交通生成量与出入口影响输入,S1,program; road network,state guide to traffic generating developments,traffic inputs for the application,issued with the DA package,not required by the authority,application support
CON-CRANE-01,CON,Construction planning,"Crane selection, radius / capacity, tie loads, base design and lifting studies for modules / pods",塔吊选型、半径 / 起重量、附着荷载、基础设计与模块 / pod 吊装分析,S6,site plan; heaviest lifts (STR-MEM-07); sequence,crane supplier charts; lifting study per element type; loads to STR-TMP-01,crane plan; lifting study; tie / base loads,every module / pod lift within capacity at radius; loads issued,no crane lifts (state),K-series construction planning
CON-SEQ-01,CON,Construction planning,"Installation sequence, staging and site logistics for modules, pods, cassettes and plant",模块、pod、cassette 与设备的安装顺序、分段与场地物流,S6,program; access; storage; crane plan,sequence diagrams; hook time estimates,sequence sheets; logistics plan 1:500,every element has a sequence step and a delivery route,—,K-series
STR-SEIS-01,STR,Seismic parts,"Seismic design of non-structural parts and components: parts coefficients, anchorage forces, drift compatibility (AU and NZ)",非结构构件与部件抗震设计：部件系数、锚固力、位移协调（澳新）,S3,"site hazard and subsoil (STR-LOAD-04); building period and height; part categories, weights and positions; importance level",AS 1170.4 Section 8 (parts and components) in AU; NZS 1170.5 Section 8 in NZ; anchorage per AS 5216 / manufacturer test data,"parts design table: category, seismic force per part, anchorage demand, drift demand at each level; input to the discipline SEIS rows",every services and façade part category has a force and drift demand issued to the disciplines; NZ projects never N/A,never in NZ; in AU only where AS 1170.4 exempts the building and every part (state clause and importance level),S-500 seismic parts table; MECH/ELEC/HYD/FIRE-SEIS rows
MECH-SEIS-01,MECH,Seismic restraint,"Seismic restraint of ducts, pipes, equipment: brace types and spacing, anchor loads, flexible connections, clearances at seismic gaps",风管、水管、设备抗震支吊架：支架类型与间距、锚固荷载、软连接、抗震缝处净距,S6,parts forces (STR-SEIS-01); run sizes and weights per metre; support layout; seismic joint positions; proprietary brace system data,"NZS 4219 (NZ, seismic performance of engineering systems) with NZS 1170.5; AS 1170.4 Section 8 in AU; proprietary system tested capacities; producer statement (PS1) in NZ","seismic restraint plan per level (brace positions, types, spacing), anchor load schedule to STR, flexible-connection schedule, restraint details",every run above the exemption size and every equipment item has restraint designed with spacing and anchor loads; braces coordinated in 2D (space beside runs) and in the S7 IFC,AU building where AS 1170.4 Section 8 does not apply to these parts (state clause); never in NZ,M-400 seismic restraint plans and details; coord_check brace envelopes
ELEC-SEIS-01,ELEC,Seismic restraint,"Seismic restraint of switchboards, transformers, generators, batteries, trays and busway; cable slack at joints",配电盘、变压器、发电机、电池、桥架与母线槽抗震固定；变形缝处电缆余量,S6,parts forces; equipment weights and centres of gravity; tray and busway weights; seismic joint positions,NZS 4219 / NZS 1170.5 (NZ); AS 1170.4 Section 8 (AU); vendor anchorage data; AS 5216 anchors,anchorage schedule per equipment; tray / busway restraint plan; joint crossing details,every free-standing item anchored with calc; trays and busway restrained; crossings of seismic joints detailed,AU building exempt under AS 1170.4 (state clause); never in NZ,E-400 seismic restraint details; switchboard GA base fixing
HYD-SEIS-01,HYD,Seismic restraint,"Seismic restraint of water and drainage pipes, tanks (anchorage, sloshing), pumps and hot-water units; flexible connections",给排水管、水箱（锚固、晃动）、泵与热水器抗震固定；软连接,S6,parts forces; pipe sizes and filled weights; tank geometry and levels; equipment weights,NZS 4219 / NZS 1170.5 (NZ); AS 1170.4 Section 8 (AU); tank standards for sloshing and anchorage; vendor data,restraint plan per level; tank anchorage calc; flexible connection schedule,tanks anchored with sloshing allowance; pipe restraint spacing per system; flexible connections at every equipment and joint crossing,AU building exempt under AS 1170.4 (state clause); never in NZ,H-400 seismic restraint details
FIRE-SEIS-01,FIRE,Seismic restraint,"Sprinkler and hydrant pipe seismic bracing, flexible couplings, clearance through structure; fire pump and tank anchorage",喷淋与消火栓管抗震支撑、柔性接头、穿越结构净距；消防泵与水池锚固,S6,parts forces; pipe layout and sizes; penetrations; pump and tank weights,NZS 4541 seismic provisions (NZ sprinklers) with NZS 4219; AS 2118.1 seismic requirements where applicable (AU); AS 1170.4 Section 8,"bracing plan, clearance schedule at penetrations, anchorage calcs",bracing spacing and clearances per the applicable standard; braces coordinated with other services,AU building exempt (state clause); never in NZ,F-400 seismic bracing details
